image,mos
I51_10_04.png,0.178117048346056
I67_25_03.png,0.78117048346056
I38_06_03.png,0.7633587786259542
I76_17_03.png,0.796437659033079
I30_23_03.png,0.3231552162849873
I29_11_02.png,0.6030534351145039
I61_22_03.png,0.7633587786259542
I58_23_01.png,0.48346055979643765
I30_23_04.png,0.2875318066157761
I27_17_04.png,0.712468193384224
I65_21_02.png,0.4656488549618321
I74_17_04.png,0.7633587786259542
I57_07_02.png,0.2798982188295166
I20_19_01.png,0.916030534351145
I61_25_03.png,0.806615776081425
I09_19_01.png,0.806615776081425
I33_03_01.png,0.9083969465648857
I26_03_02.png,0.8473282442748092
I70_21_02.png,0.40712468193384227
I56_04_04.png,0.2111959287531807
I78_06_01.png,0.916030534351145
I23_11_02.png,0.7633587786259542
I80_10_03.png,0.83206106870229
I55_09_03.png,0.6615776081424937
I50_09_01.png,0.8727735368956743
I71_12_02.png,0.5852417302798982
I24_03_01.png,0.89058524173028
I78_10_03.png,0.712468193384224
I53_19_02.png,0.83206106870229
I08_20_04.png,0.7557251908396948
I47_21_02.png,0.5012722646310434
I08_06_01.png,0.7048346055979644
I23_05_04.png,0.2111959287531807
I63_06_03.png,0.6437659033078881
I12_18_02.png,0.89058524173028
I29_05_02.png,0.4758269720101782
I47_19_03.png,0.5597964376590332
I58_14_03.png,0.6030534351145039
I11_09_03.png,0.7888040712468193
I47_05_03.png,0.2366412213740458
I55_08_01.png,0.9338422391857507
I65_06_05.png,0.3893129770992366
I09_18_03.png,0.8982188295165395
I31_01_02.png,0.9236641221374047
I25_21_04.png,0.7709923664122139
I19_12_03.png,0.4656488549618321
I48_21_01.png,0.7302798982188295
I26_15_02.png,0.6183206106870229
I41_18_01.png,0.7455470737913487
I22_09_02.png,0.8982188295165395
I66_16_02.png,0.8651399491094149
I08_25_02.png,0.7633587786259542
I68_16_01.png,0.9491094147582699
I68_08_04.png,0.20356234096692113
I68_09_02.png,0.8142493638676845
I44_18_03.png,0.8651399491094149
I27_25_05.png,0.5267175572519084
I02_09_02.png,0.6946564885496184
I40_06_02.png,0.83206106870229
I57_25_02.png,0.6539440203562341
I59_11_03.png,0.6183206106870229
I25_18_01.png,0.8727735368956743
I32_11_03.png,0.3816793893129771
I39_12_01.png,0.9491094147582699
I55_15_02.png,0.40712468193384227
I33_06_03.png,0.7557251908396948
I67_14_03.png,0.5419847328244275
I61_20_03.png,0.8727735368956743
I44_14_02.png,0.7302798982188295
I64_23_01.png,0.5521628498727735
I64_06_01.png,0.712468193384224
I32_25_02.png,0.6284987277353691
I06_07_02.png,0.450381679389313
I67_11_02.png,0.6157760814249365
I50_03_01.png,0.916030534351145
I45_13_03.png,0.4351145038167939
I75_18_03.png,0.9669211195928753
I58_16_03.png,0.806615776081425
I44_18_04.png,0.8295165394402035
I59_05_02.png,0.40712468193384227
I09_21_02.png,0.6361323155216285
I54_04_01.png,0.9287531806615777
I69_08_05.png,0.14503816793893132
I42_22_01.png,0.9414758269720103
I69_19_04.png,0.2544529262086514
I31_21_01.png,0.89058524173028
I26_09_02.png,0.9236641221374047
I40_19_04.png,0.15267175572519087
I19_08_05.png,0.15267175572519087
I25_14_02.png,0.7709923664122139
I49_13_02.png,0.38676844783715014
I64_06_03.png,0.6743002544529262
I67_12_02.png,0.6615776081424937
I50_18_02.png,0.806615776081425
I74_22_04.png,0.8651399491094149
I34_22_01.png,0.8575063613231553
I14_21_01.png,0.8218829516539442
I61_21_01.png,0.7633587786259542
I76_20_02.png,0.8575063613231553
I19_07_05.png,0.22137404580152675
I66_25_04.png,0.8218829516539442
I09_04_01.png,0.83206106870229
I54_21_01.png,0.9338422391857507
I36_11_03.png,0.5012722646310434
I74_15_02.png,0.5267175572519084
I68_05_01.png,0.78117048346056
I81_07_02.png,0.3231552162849873
I76_10_04.png,0.22137404580152675
I74_10_04.png,0.48346055979643765
I60_15_01.png,0.8142493638676845
I35_01_01.png,0.8982188295165395
I72_20_05.png,0.7888040712468193
I75_08_05.png,0.2111959287531807
I61_20_04.png,0.7709923664122139
I09_19_02.png,0.7201017811704835
I29_07_03.png,0.3486005089058525
I36_11_04.png,0.534351145038168
I35_04_05.png,0.1959287531806616
I80_10_05.png,0.1272264631043257
I03_15_02.png,0.5852417302798982
I30_07_05.png,0.2366412213740458
I22_20_01.png,0.9414758269720103
I51_22_01.png,0.78117048346056
I74_22_02.png,0.89058524173028
I07_13_01.png,0.6946564885496184
I65_11_05.png,0.3307888040712468
I56_14_01.png,0.8829516539440203
I41_25_02.png,0.8218829516539442
I45_04_03.png,0.1272264631043257
I28_17_04.png,0.6437659033078881
I09_19_03.png,0.6183206106870229
I51_03_01.png,0.9592875318066157
I67_25_04.png,0.7048346055979644
I29_20_05.png,0.7709923664122139
I38_16_02.png,0.8142493638676845
I51_17_03.png,0.8575063613231553
I66_19_04.png,0.2366412213740458
I06_07_01.png,0.42493638676844786
I12_22_02.png,0.89058524173028
I74_22_01.png,0.8727735368956743
I57_04_03.png,0.22137404580152675
I08_16_05.png,0.16030534351145037
I69_06_04.png,0.5776081424936387
I22_25_04.png,0.7709923664122139
I55_10_02.png,0.8575063613231553
I22_03_01.png,0.9592875318066157
I25_21_02.png,0.7633587786259542
I18_07_01.png,0.5012722646310434
I41_22_05.png,0.5597964376590332
I78_10_02.png,0.8396946564885497
I21_18_02.png,0.9414758269720103
I72_25_04.png,0.8142493638676845
I48_21_04.png,0.6208651399491094
I41_11_02.png,0.6692111959287532
I09_22_04.png,0.7888040712468193
I79_10_02.png,0.7709923664122139
I25_20_02.png,0.7455470737913487
I35_12_01.png,0.8829516539440203
I47_14_02.png,0.6946564885496184
I09_09_01.png,0.7888040712468193
I63_16_03.png,0.7048346055979644
I64_21_01.png,0.49109414758269726
I45_20_04.png,0.5419847328244275
I58_07_02.png,0.2875318066157761
I66_18_02.png,0.9083969465648857
I69_25_05.png,0.49109414758269726
I63_12_05.png,0.3740458015267176
I75_09_03.png,0.916030534351145
I18_12_05.png,0.2620865139949109
I14_09_02.png,0.7888040712468193
I56_16_01.png,0.8982188295165395
I72_20_01.png,0.8727735368956743
I67_11_01.png,0.7302798982188295
I56_10_03.png,0.7201017811704835
I68_05_04.png,0.1959287531806616
I19_19_04.png,0.14503816793893132
I20_12_01.png,0.8473282442748092
I63_25_02.png,0.6870229007633589
I56_20_01.png,0.8575063613231553
I78_04_01.png,0.916030534351145
I52_25_03.png,0.8575063613231553
I19_11_04.png,0.3307888040712468
I61_25_04.png,0.8473282442748092
I36_14_04.png,0.5521628498727735
I23_20_01.png,0.7557251908396948
I10_09_01.png,0.9414758269720103
I08_12_02.png,0.6361323155216285
I24_08_05.png,0.178117048346056
I74_12_02.png,0.8575063613231553
I07_11_05.png,0.31297709923664124
I36_05_05.png,0.4580152671755725
I37_04_05.png,0.10178117048346054
I29_05_04.png,0.14503816793893132
I03_01_02.png,0.9236641221374047
I80_10_01.png,0.8727735368956743
I56_09_02.png,0.9338422391857507
I56_18_02.png,0.8829516539440203
I60_01_02.png,0.916030534351145
I19_23_04.png,0.3384223918575064
I56_01_01.png,0.916030534351145
I72_19_01.png,0.8142493638676845
I44_17_03.png,0.7379134860050891
I16_10_04.png,0.2620865139949109
I28_20_03.png,0.6030534351145039
I34_25_03.png,0.83206106870229
I56_17_01.png,0.910941475826972
I50_08_01.png,0.8829516539440203
I18_09_04.png,0.5012722646310434
I60_10_05.png,0.11959287531806616
I19_14_03.png,0.39949109414758266
I61_18_04.png,0.7888040712468193
I66_21_04.png,0.5776081424936387
I50_12_01.png,0.8651399491094149
I28_19_04.png,0.31297709923664124
I57_17_04.png,0.6284987277353691
I70_06_02.png,0.7379134860050891
I09_22_02.png,0.8473282442748092
I51_10_01.png,0.8142493638676845
I54_01_02.png,0.885496183206107
I71_08_03.png,0.38676844783715014
I24_17_02.png,0.8575063613231553
I09_18_01.png,0.8396946564885497
I33_20_01.png,0.8575063613231553
I35_21_03.png,0.6183206106870229
I59_06_02.png,0.7557251908396948
I81_21_04.png,0.2544529262086514
I28_12_04.png,0.42493638676844786
I66_21_01.png,0.7455470737913487
I08_05_05.png,0.14503816793893132
I54_01_01.png,0.9770992366412214
I53_16_05.png,0.18575063613231554
I42_09_01.png,0.9491094147582699
I34_20_03.png,0.78117048346056
I43_06_03.png,0.9338422391857507
I78_19_02.png,0.83206106870229
I12_17_02.png,0.916030534351145
I66_22_01.png,0.8473282442748092
I44_12_02.png,0.7709923664122139
I53_07_04.png,0.3740458015267176
I69_14_04.png,0.49109414758269726
I48_06_01.png,0.78117048346056
I51_12_01.png,0.8727735368956743
I71_05_04.png,0.22137404580152675
I24_18_04.png,0.8575063613231553
I56_10_02.png,0.796437659033079
I78_18_02.png,0.89058524173028
I56_05_01.png,0.8575063613231553
I20_01_01.png,0.9236641221374047
I47_16_03.png,0.6946564885496184
I63_22_04.png,0.7201017811704835
I42_11_01.png,0.8218829516539442
I76_22_03.png,0.796437659033079
I22_19_03.png,0.7048346055979644
I81_11_05.png,0.2951653944020357
I65_23_01.png,0.5012722646310434
I43_21_03.png,0.7709923664122139
I43_10_03.png,0.8473282442748092
I40_21_02.png,0.5165394402035624
I32_13_02.png,0.4580152671755725
I06_17_05.png,0.450381679389313
I74_19_02.png,0.7888040712468193
I09_03_01.png,0.89058524173028
I24_18_02.png,0.8396946564885497
I25_11_01.png,0.7888040712468193
I74_18_03.png,0.8727735368956743
I09_11_01.png,0.8396946564885497
I40_17_03.png,0.7455470737913487
I43_19_01.png,0.9338422391857507
I19_06_02.png,0.5089058524173028
I55_14_01.png,0.8829516539440203
I58_14_02.png,0.6437659033078881
I55_15_01.png,0.7201017811704835
I61_06_03.png,0.8473282442748092
I06_19_04.png,0.30534351145038174
I22_14_01.png,0.8982188295165395
I09_08_01.png,0.8575063613231553
I30_23_02.png,0.2875318066157761
I58_20_01.png,0.78117048346056
I64_11_04.png,0.4580152671755725
I34_25_04.png,0.7633587786259542
I26_04_01.png,0.9669211195928753
I28_13_01.png,0.5419847328244275
I10_10_03.png,0.6106870229007634
I09_10_03.png,0.6793893129770993
I65_16_03.png,0.7048346055979644
I53_04_03.png,0.13486005089058525
I43_15_01.png,0.6692111959287532
I42_05_01.png,0.8473282442748092
I42_22_03.png,0.9185750636132317
I16_09_02.png,0.8218829516539442
I61_11_01.png,0.806615776081425
I45_13_04.png,0.3486005089058525
I51_08_01.png,0.9338422391857507
I63_23_01.png,0.6615776081424937
I41_05_04.png,0.356234096692112
I76_19_01.png,0.8142493638676845
I27_14_02.png,0.5012722646310434
I49_05_05.png,0.41475826972010177
I38_18_01.png,0.78117048346056
I31_20_01.png,0.9414758269720103
I09_22_03.png,0.8218829516539442
I28_14_04.png,0.44020356234096697
I34_18_04.png,0.8473282442748092
I24_08_01.png,0.89058524173028
I22_18_02.png,0.916030534351145
I63_18_05.png,0.6437659033078881
I35_17_03.png,0.9236641221374047
I66_19_05.png,0.07379134860050893
I44_17_02.png,0.89058524173028
I06_04_03.png,0.2798982188295166
I09_17_03.png,0.796437659033079
I63_14_03.png,0.6183206106870229
I67_16_03.png,0.6183206106870229
I76_16_02.png,0.8218829516539442
I50_25_04.png,0.8473282442748092
I56_08_01.png,0.9491094147582699
I05_12_05.png,0.4580152671755725
I55_22_02.png,0.9592875318066157
I68_10_01.png,0.8142493638676845
I81_23_01.png,0.4656488549618321
I52_21_01.png,0.7201017811704835
I74_11_02.png,0.8218829516539442
I29_22_01.png,0.6361323155216285
I35_17_04.png,0.796437659033079
I79_10_01.png,0.8218829516539442
I26_01_02.png,0.8727735368956743
I39_22_04.png,0.9083969465648857
I18_14_05.png,0.2366412213740458
I01_25_03.png,0.8295165394402035
I53_09_01.png,0.8982188295165395
I09_17_04.png,0.5928753180661578
I69_11_04.png,0.450381679389313
I24_04_03.png,0.2620865139949109
I36_12_05.png,0.3893129770992366
I56_09_01.png,0.8651399491094149
I40_05_02.png,0.18575063613231554
I47_17_04.png,0.712468193384224
I58_12_02.png,0.6183206106870229
I12_19_02.png,0.796437659033079
I05_11_05.png,0.3893129770992366
I68_19_03.png,0.450381679389313
I32_06_04.png,0.6106870229007634
I22_21_02.png,0.712468193384224
I24_18_05.png,0.83206106870229
I36_05_03.png,0.43256997455470747
I08_16_03.png,0.6946564885496184
I45_08_03.png,0.41475826972010177
I12_11_01.png,0.885496183206107
I13_15_01.png,0.7888040712468193
I05_07_04.png,0.31297709923664124
I59_25_01.png,0.7633587786259542
I51_10_03.png,0.6793893129770993
I36_16_04.png,0.6437659033078881
I38_20_02.png,0.7709923664122139
I44_19_02.png,0.8218829516539442
I09_25_04.png,0.7888040712468193
I70_25_01.png,0.712468193384224
I41_19_04.png,0.2366412213740458
I64_12_04.png,0.4681933842239186
I14_09_03.png,0.7201017811704835
I74_17_03.png,0.806615776081425
I13_21_05.png,0.2366412213740458
I45_07_05.png,0.2366412213740458
I38_10_03.png,0.5597964376590332
I41_20_01.png,0.8142493638676845
I09_16_02.png,0.7557251908396948
I28_20_02.png,0.6361323155216285
I18_17_04.png,0.6870229007633589
I18_25_03.png,0.7379134860050891
I25_25_02.png,0.7455470737913487
I65_23_02.png,0.6284987277353691
I43_06_01.png,0.9083969465648857
I02_03_02.png,0.7048346055979644
I17_02_01.png,0.6361323155216285
I28_24_01.png,0.8142493638676845
I74_10_03.png,0.796437659033079
I47_11_04.png,0.41475826972010177
I59_04_02.png,0.5521628498727735
I78_20_01.png,0.89058524173028
I61_18_01.png,0.7888040712468193
I69_07_03.png,0.3536895674300255
I45_11_03.png,0.42493638676844786
I71_11_01.png,0.5928753180661578
I32_13_01.png,0.48346055979643765
I67_20_02.png,0.8473282442748092
I65_13_02.png,0.5267175572519084
I23_04_05.png,0.025445292620865163
I07_06_04.png,0.5089058524173028
I29_12_02.png,0.7302798982188295
I05_08_05.png,0.178117048346056
I61_17_03.png,0.7888040712468193
I25_16_03.png,0.8447837150127228
I76_20_01.png,0.8473282442748092
I43_09_03.png,0.8575063613231553
I36_11_02.png,0.6183206106870229
I34_21_02.png,0.6106870229007634
I27_21_04.png,0.2137404580152672
I78_01_01.png,0.89058524173028
I12_19_05.png,0.05089058524173027
I37_01_01.png,0.9592875318066157
I23_21_03.png,0.5012722646310434
I74_25_03.png,0.8727735368956743
I36_04_02.png,0.22900763358778625
I64_19_03.png,0.3638676844783716
I11_14_01.png,0.9083969465648857
I55_03_02.png,0.7633587786259542
I52_18_05.png,0.8218829516539442
I61_09_02.png,0.6106870229007634
I43_21_01.png,0.9083969465648857
I29_11_01.png,0.712468193384224
I81_21_02.png,0.3384223918575064
I66_17_02.png,0.8575063613231553
I66_14_02.png,0.7455470737913487
I80_14_01.png,0.916030534351145
I54_08_01.png,0.9592875318066157
I59_20_05.png,0.6615776081424937
I72_01_01.png,0.8473282442748092
I66_19_02.png,0.7302798982188295
I08_21_04.png,0.49109414758269726
I28_11_04.png,0.43256997455470747
I28_23_01.png,0.5852417302798982
I44_18_01.png,0.7709923664122139
I43_03_01.png,0.9414758269720103
I23_16_03.png,0.712468193384224
I24_21_01.png,0.83206106870229
I19_14_04.png,0.3740458015267176
I50_19_01.png,0.9083969465648857
I18_17_03.png,0.7201017811704835
I52_08_02.png,0.7455470737913487
I29_25_03.png,0.806615776081425
I05_25_01.png,0.48346055979643765
I34_16_02.png,0.8142493638676845
I05_11_04.png,0.5928753180661578
I23_11_01.png,0.806615776081425
I09_14_01.png,0.8473282442748092
I41_21_01.png,0.83206106870229
I56_19_01.png,0.8982188295165395
I58_25_01.png,0.6361323155216285
I81_13_02.png,0.4758269720101782
I33_03_02.png,0.6870229007633589
I81_19_04.png,0.15267175572519087
I41_13_01.png,0.8142493638676845
I43_04_03.png,0.48346055979643765
I74_13_01.png,0.8142493638676845
I19_04_04.png,0.13486005089058525
I38_17_03.png,0.7302798982188295
I45_13_02.png,0.4580152671755725
I66_18_01.png,0.8829516539440203
I10_19_01.png,0.9236641221374047
I65_22_02.png,0.6437659033078881
I42_17_01.png,0.9491094147582699
I41_17_03.png,0.83206106870229
I18_17_05.png,0.39949109414758266
I74_18_02.png,0.916030534351145
I16_10_03.png,0.7379134860050891
I04_01_02.png,0.8396946564885497
I16_04_01.png,0.8651399491094149
I65_06_03.png,0.6412213740458016
I72_20_02.png,0.7379134860050891
I72_22_02.png,0.7888040712468193
I66_06_01.png,0.8142493638676845
I59_25_02.png,0.7302798982188295
I72_11_01.png,0.7455470737913487
I66_11_01.png,0.7633587786259542
I78_16_03.png,0.7888040712468193
I33_05_01.png,0.78117048346056
I74_16_02.png,0.8702290076335878
I76_18_01.png,0.8651399491094149
I40_12_03.png,0.7048346055979644
I63_12_04.png,0.4758269720101782
I38_06_02.png,0.8727735368956743
I64_16_03.png,0.6539440203562341
I78_06_02.png,0.8473282442748092
I76_19_02.png,0.6946564885496184
I40_11_03.png,0.7201017811704835
I28_06_04.png,0.6106870229007634
I47_25_05.png,0.5012722646310434
I72_18_02.png,0.8218829516539442
I41_12_03.png,0.6361323155216285
I68_14_01.png,0.916030534351145
I18_10_04.png,0.17048346055979643
I67_20_01.png,0.8218829516539442
I39_17_02.png,0.9592875318066157
I56_16_02.png,0.8524173027989822
I40_06_01.png,0.796437659033079
I07_14_03.png,0.40712468193384227
I23_05_05.png,0.23155216284987276
I59_25_05.png,0.49109414758269726
I27_17_03.png,0.7557251908396948
I19_06_04.png,0.4580152671755725
I26_05_01.png,0.8727735368956743
I64_13_02.png,0.6030534351145039
I08_19_05.png,0.08905852417302802
I57_06_03.png,0.6793893129770993
I52_04_03.png,0.2366412213740458
I27_18_05.png,0.7709923664122139
I18_24_01.png,0.7888040712468193
I67_18_01.png,0.8142493638676845
I74_22_03.png,0.8396946564885497
I60_05_01.png,0.9414758269720103
I09_20_03.png,0.7888040712468193
I08_21_03.png,0.5419847328244275
I52_25_02.png,0.8396946564885497
I48_16_01.png,0.8727735368956743
I12_22_01.png,0.8982188295165395
I12_12_01.png,0.9236641221374047
I58_18_01.png,0.8575063613231553
I61_18_02.png,0.8727735368956743
I36_12_04.png,0.39949109414758266
I06_06_04.png,0.5928753180661578
I56_19_03.png,0.6793893129770993
I01_19_02.png,0.7455470737913487
I28_12_05.png,0.3816793893129771
I09_20_02.png,0.8575063613231553
I18_19_03.png,0.6539440203562341
I40_11_05.png,0.5928753180661578
I45_06_01.png,0.5928753180661578
I05_13_01.png,0.6284987277353691
I79_01_02.png,0.9236641221374047
I70_25_05.png,0.5089058524173028
I18_10_05.png,0.04325699745547072
I56_04_01.png,0.9236641221374047
I08_16_04.png,0.3893129770992366
I78_18_03.png,0.916030534351145
I06_20_02.png,0.534351145038168
I14_04_01.png,0.8982188295165395
I16_01_01.png,0.9414758269720103
I30_17_05.png,0.42493638676844786
I79_04_01.png,0.8982188295165395
I48_25_03.png,0.796437659033079
I55_09_01.png,0.8727735368956743
I80_10_02.png,0.89058524173028
I49_22_04.png,0.4656488549618321
I44_01_01.png,0.8727735368956743
I68_05_02.png,0.29770992366412213
I57_06_02.png,0.6946564885496184
I40_20_05.png,0.6717557251908398
I71_25_03.png,0.8218829516539442
I67_20_03.png,0.7201017811704835
I40_11_04.png,0.7048346055979644
I21_10_04.png,0.2366412213740458
I53_21_04.png,0.48346055979643765
I68_03_01.png,0.9083969465648857
I11_21_02.png,0.7379134860050891
I11_09_02.png,0.83206106870229
I04_01_01.png,0.9592875318066157
I35_21_01.png,0.8575063613231553
I78_18_04.png,0.916030534351145
I72_12_01.png,0.8396946564885497
I39_17_03.png,0.916030534351145
I41_04_03.png,0.10178117048346054
I20_09_03.png,0.712468193384224
I41_21_02.png,0.6310432569974556
I75_07_03.png,0.5012722646310434
I47_18_05.png,0.8396946564885497
I71_11_05.png,0.2366412213740458
I01_17_03.png,0.8473282442748092
I55_10_04.png,0.22137404580152675
I55_11_01.png,0.916030534351145
I21_17_01.png,0.916030534351145
I45_24_01.png,0.6106870229007634
I10_09_03.png,0.7709923664122139
I72_14_01.png,0.8473282442748092
I74_12_01.png,0.8575063613231553
I08_11_01.png,0.6284987277353691
I54_09_03.png,0.7379134860050891
I76_06_01.png,0.83206106870229
I26_15_03.png,0.3816793893129771
I07_11_03.png,0.40712468193384227
I05_08_04.png,0.16030534351145037
I57_14_05.png,0.22900763358778625
I24_05_04.png,0.2544529262086514
I07_17_03.png,0.7888040712468193
I48_16_02.png,0.916030534351145
I27_12_02.png,0.5597964376590332
I57_11_05.png,0.31297709923664124
I66_18_04.png,0.83206106870229
I71_09_03.png,0.6615776081424937
I34_20_01.png,0.89058524173028
I47_13_01.png,0.6793893129770993
I26_10_01.png,0.916030534351145
I52_20_01.png,0.8982188295165395
I74_14_01.png,0.9338422391857507
I05_05_02.png,0.3231552162849873
I33_04_01.png,0.9083969465648857
I27_08_02.png,0.5419847328244275
I69_21_02.png,0.5597964376590332
I50_18_03.png,0.9083969465648857
I71_19_02.png,0.6870229007633589
I07_21_01.png,0.6946564885496184
I63_12_02.png,0.7048346055979644
I08_06_02.png,0.712468193384224
I51_19_01.png,0.8727735368956743
I55_04_01.png,0.9185750636132317
I14_10_03.png,0.6946564885496184
I70_05_03.png,0.2111959287531807
I54_17_02.png,0.916030534351145
I28_11_05.png,0.3384223918575064
I05_08_03.png,0.450381679389313
I48_25_04.png,0.89058524173028
I35_14_01.png,0.83206106870229
I51_05_01.png,0.7302798982188295
I53_06_01.png,0.7379134860050891
I53_20_03.png,0.6284987277353691
I74_18_01.png,0.8142493638676845
I45_13_05.png,0.2620865139949109
I59_16_03.png,0.7201017811704835
I09_17_01.png,0.916030534351145
I56_17_02.png,0.8396946564885497
I62_01_01.png,0.9236641221374047
I43_18_03.png,0.9338422391857507
I44_10_03.png,0.7302798982188295
I67_25_05.png,0.5776081424936387
I63_07_03.png,0.39949109414758266
I53_25_02.png,0.7557251908396948
I69_06_02.png,0.6870229007633589
I42_17_02.png,0.8982188295165395
I48_18_04.png,0.8396946564885497
I13_05_01.png,0.7633587786259542
I71_06_01.png,0.6870229007633589
I21_01_02.png,0.7633587786259542
I41_12_02.png,0.7557251908396948
I68_09_01.png,0.9338422391857507
I44_21_01.png,0.78117048346056
I27_12_03.png,0.41475826972010177
I80_22_02.png,0.8829516539440203
I53_18_05.png,0.7302798982188295
I25_16_02.png,0.83206106870229
I42_25_03.png,0.83206106870229
I70_11_02.png,0.6361323155216285
I55_03_01.png,0.9236641221374047
I52_08_03.png,0.6946564885496184
I28_22_02.png,0.6437659033078881
I70_23_02.png,0.3638676844783716
I64_19_05.png,0.06870229007633588
I78_19_01.png,0.9414758269720103
I74_20_01.png,0.8396946564885497
I01_16_01.png,0.8575063613231553
I57_14_04.png,0.44020356234096697
I37_10_01.png,0.7709923664122139
I19_20_05.png,0.3486005089058525
I18_11_03.png,0.4656488549618321
I06_13_02.png,0.3816793893129771
I71_21_03.png,0.40712468193384227
I06_04_05.png,0.1959287531806616
I06_25_04.png,0.5674300254452926
I65_13_05.png,0.3307888040712468
I76_12_01.png,0.83206106870229
I51_18_02.png,0.8778625954198475
I57_12_05.png,0.3740458015267176
I76_13_01.png,0.796437659033079
I32_04_05.png,0.04325699745547072
I21_09_01.png,0.916030534351145
I44_22_02.png,0.8473282442748092
I08_14_02.png,0.6615776081424937
I38_17_05.png,0.178117048346056
I25_22_03.png,0.8396946564885497
I07_22_04.png,0.4656488549618321
I34_05_02.png,0.49109414758269726
I78_16_01.png,0.916030534351145
I65_19_05.png,0.06870229007633588
I41_07_04.png,0.2544529262086514
I36_13_01.png,0.6361323155216285
I69_13_04.png,0.39949109414758266
I19_07_01.png,0.4656488549618321
I63_04_02.png,0.4580152671755725
I38_18_05.png,0.7888040712468193
I27_16_03.png,0.450381679389313
I59_22_03.png,0.6870229007633589
I34_14_01.png,0.8142493638676845
I45_07_01.png,0.49109414758269726
I49_13_03.png,0.3486005089058525
I81_06_02.png,0.534351145038168
I67_23_01.png,0.6437659033078881
I67_22_04.png,0.8142493638676845
I71_18_04.png,0.8142493638676845
I61_22_01.png,0.83206106870229
I51_09_01.png,0.9669211195928753
I48_06_02.png,0.7888040712468193
I28_07_02.png,0.356234096692112
I24_16_02.png,0.7888040712468193
I01_25_04.png,0.806615776081425
I53_25_05.png,0.6284987277353691
I05_17_05.png,0.07633587786259544
I22_06_03.png,0.83206106870229
I43_01_02.png,0.8829516539440203
I18_05_02.png,0.2798982188295166
I20_14_01.png,0.78117048346056
I74_19_01.png,0.8473282442748092
I01_10_04.png,0.14758269720101785
I14_18_03.png,0.9338422391857507
I30_23_01.png,0.3384223918575064
I53_12_01.png,0.8575063613231553
I20_16_01.png,0.89058524173028
I72_08_01.png,0.8473282442748092
I23_06_02.png,0.712468193384224
I76_09_02.png,0.6361323155216285
I18_22_01.png,0.5419847328244275
I81_07_01.png,0.3893129770992366
I68_09_03.png,0.6743002544529262
I10_10_01.png,0.78117048346056
I55_22_01.png,0.916030534351145
I62_05_01.png,0.89058524173028
I46_19_05.png,0.08396946564885499
I36_05_04.png,0.4758269720101782
I58_07_01.png,0.356234096692112
I29_21_04.png,0.6106870229007634
I59_21_04.png,0.534351145038168
I62_01_02.png,0.7709923664122139
I09_16_01.png,0.89058524173028
I72_03_01.png,0.8982188295165395
I02_09_01.png,0.9083969465648857
I66_20_02.png,0.8396946564885497
I07_12_05.png,0.2697201017811705
I64_24_01.png,0.6692111959287532
I63_08_02.png,0.6870229007633589
I47_11_02.png,0.6361323155216285
I38_20_04.png,0.8396946564885497
I78_12_01.png,0.89058524173028
I14_16_01.png,0.8829516539440203
I46_03_03.png,0.5852417302798982
I63_16_02.png,0.8142493638676845
I61_20_01.png,0.8829516539440203
I61_16_02.png,0.8396946564885497
I45_14_05.png,0.18575063613231554
I69_12_05.png,0.3231552162849873
I39_04_01.png,0.9236641221374047
I36_08_02.png,0.5674300254452926
I20_17_03.png,0.7709923664122139
I64_21_03.png,0.43256997455470747
I56_19_02.png,0.78117048346056
I12_10_03.png,0.7633587786259542
I69_05_03.png,0.2366412213740458
I14_09_01.png,0.8982188295165395
I40_12_04.png,0.6615776081424937
I27_19_03.png,0.3816793893129771
I31_10_01.png,0.9236641221374047
I59_17_04.png,0.6870229007633589
I39_11_01.png,0.8982188295165395
I44_25_03.png,0.806615776081425
I53_14_01.png,0.8829516539440203
I13_03_02.png,0.8727735368956743
I11_18_04.png,0.83206106870229
I08_08_03.png,0.5267175572519084
I71_08_02.png,0.5597964376590332
I69_14_05.png,0.3740458015267176
I67_17_03.png,0.7557251908396948
I65_25_01.png,0.7302798982188295
I50_04_01.png,0.8956743002544529
I29_25_04.png,0.78117048346056
I76_17_04.png,0.7455470737913487
I64_08_03.png,0.5267175572519084
I74_09_01.png,0.8651399491094149
I01_10_02.png,0.7455470737913487
I35_05_01.png,0.8218829516539442
I48_19_04.png,0.3307888040712468
I34_21_04.png,0.42493638676844786
I48_17_01.png,0.8829516539440203
I49_13_04.png,0.2111959287531807
I08_18_05.png,0.796437659033079
I25_22_02.png,0.8473282442748092
I32_04_04.png,0.1272264631043257
I74_14_02.png,0.8396946564885497
I31_09_02.png,0.8218829516539442
I34_16_01.png,0.8829516539440203
I65_24_01.png,0.6793893129770993
I22_19_02.png,0.8218829516539442
I20_17_01.png,0.8982188295165395
I65_08_05.png,0.16030534351145037
I08_12_03.png,0.49109414758269726
I73_15_04.png,0.20356234096692113
I65_06_04.png,0.5089058524173028
I35_10_04.png,0.20356234096692113
I09_17_02.png,0.89058524173028
I05_08_02.png,0.6030534351145039
I63_18_04.png,0.8651399491094149
I74_17_02.png,0.8473282442748092
I53_07_02.png,0.41475826972010177
I41_04_04.png,0.09414758269720105
I28_06_02.png,0.6615776081424937
I29_21_01.png,0.7379134860050891
I36_06_04.png,0.5674300254452926
I32_08_03.png,0.3384223918575064
I59_08_02.png,0.5776081424936387
I76_18_04.png,0.83206106870229
I15_01_02.png,0.8473282442748092
I70_22_04.png,0.6870229007633589
I48_03_01.png,0.8982188295165395
I74_06_01.png,0.8396946564885497
I29_06_01.png,0.7201017811704835
I35_18_04.png,0.916030534351145
I65_19_03.png,0.3816793893129771
I07_25_05.png,0.6539440203562341
I74_10_01.png,0.8575063613231553
I66_16_01.png,0.9083969465648857
I13_02_01.png,0.7379134860050891
I40_14_04.png,0.712468193384224
I55_12_02.png,0.8982188295165395
I22_18_03.png,0.9414758269720103
I75_21_05.png,0.1094147582697201
I19_12_04.png,0.3486005089058525
I20_18_03.png,0.89058524173028
I63_22_05.png,0.5674300254452926
I44_16_01.png,0.8218829516539442
I34_19_01.png,0.8651399491094149
I68_19_02.png,0.8142493638676845
I78_25_04.png,0.8473282442748092
I43_10_04.png,0.272264631043257
I01_12_01.png,0.8727735368956743
I26_18_03.png,0.9516539440203564
I41_05_05.png,0.3816793893129771
I65_07_02.png,0.2875318066157761
I72_18_04.png,0.806615776081425
I42_17_03.png,0.8142493638676845
I24_17_01.png,0.9083969465648857
I74_18_04.png,0.8651399491094149
I69_13_02.png,0.5012722646310434
I16_09_01.png,0.9236641221374047
I81_20_04.png,0.3231552162849873
I37_10_03.png,0.6437659033078881
I50_21_01.png,0.8575063613231553
I35_16_01.png,0.9491094147582699
I47_21_03.png,0.6437659033078881
I51_19_02.png,0.796437659033079
I65_21_03.png,0.450381679389313
I64_04_02.png,0.6030534351145039
I75_07_05.png,0.3231552162849873
I29_24_01.png,0.7633587786259542
I47_05_04.png,0.17302798982188294
I56_03_01.png,0.9236641221374047
I26_16_01.png,0.974554707379135
I35_03_01.png,0.9414758269720103
I45_23_02.png,0.450381679389313
I43_12_01.png,0.9669211195928753
I28_07_04.png,0.22137404580152675
I07_11_01.png,0.5979643765903309
I53_16_03.png,0.6615776081424937
I63_11_04.png,0.5267175572519084
I36_12_03.png,0.6106870229007634
I05_14_05.png,0.6641221374045801
I20_19_02.png,0.8218829516539442
I57_06_01.png,0.6946564885496184
I29_21_02.png,0.6106870229007634
I78_17_01.png,0.9083969465648857
I59_06_01.png,0.83206106870229
I07_18_05.png,0.7633587786259542
I52_05_05.png,0.5165394402035624
I29_17_03.png,0.8396946564885497
I66_08_01.png,0.89058524173028
I18_14_02.png,0.5165394402035624
I23_21_04.png,0.5267175572519084
I42_12_01.png,0.9491094147582699
I12_25_04.png,0.8473282442748092
I65_05_03.png,0.24681933842239187
I32_07_02.png,0.39949109414758266
I08_25_03.png,0.8727735368956743
I71_22_02.png,0.6437659033078881
I01_06_02.png,0.8651399491094149
I80_05_01.png,0.8218829516539442
I54_03_02.png,0.6615776081424937
I61_20_02.png,0.9083969465648857
I67_07_05.png,0.2544529262086514
I29_07_05.png,0.2366412213740458
I26_14_01.png,0.9338422391857507
I76_22_02.png,0.8829516539440203
I52_16_03.png,0.7302798982188295
I72_25_03.png,0.78117048346056
I01_20_02.png,0.7379134860050891
I69_13_03.png,0.44020356234096697
I12_01_02.png,0.7302798982188295
I12_14_02.png,0.8829516539440203
I29_05_05.png,0.16030534351145037
I68_21_01.png,0.8218829516539442
I29_12_03.png,0.5928753180661578
I22_21_01.png,0.8982188295165395
I36_17_05.png,0.2366412213740458
I51_25_03.png,0.89058524173028
I05_11_03.png,0.7201017811704835
I42_05_02.png,0.534351145038168
I69_12_03.png,0.5419847328244275
I05_06_04.png,0.6692111959287532
I44_16_02.png,0.796437659033079
I64_12_05.png,0.40712468193384227
I35_17_02.png,0.9592875318066157
I36_07_02.png,0.2366412213740458
I62_03_03.png,0.3307888040712468
I71_19_04.png,0.13486005089058525
I41_21_03.png,0.5165394402035624
I59_18_05.png,0.7455470737913487
I72_09_04.png,0.29770992366412213
I44_20_03.png,0.8142493638676845
I16_10_01.png,0.7633587786259542
I75_08_01.png,0.9338422391857507
I49_23_01.png,0.5928753180661578
I75_09_04.png,0.6106870229007634
I63_17_04.png,0.5852417302798982
I22_08_01.png,0.9363867684478372
I41_18_05.png,0.7557251908396948
I44_20_01.png,0.8218829516539442
I35_25_04.png,0.8829516539440203
I43_04_01.png,0.984732824427481
I14_20_03.png,0.8575063613231553
I48_25_05.png,0.7379134860050891
I34_20_02.png,0.7455470737913487
I11_17_03.png,0.916030534351145
I68_08_05.png,0.17048346055979643
I05_25_02.png,0.6361323155216285
I38_24_01.png,0.6870229007633589
I48_21_02.png,0.6361323155216285
I06_07_04.png,0.31297709923664124
I33_21_01.png,0.83206106870229
I72_04_01.png,0.83206106870229
I69_11_02.png,0.5776081424936387
I19_08_03.png,0.4758269720101782
I60_09_03.png,0.8473282442748092
I70_13_01.png,0.7048346055979644
I63_19_03.png,0.450381679389313
I27_25_02.png,0.6946564885496184
I35_08_01.png,0.89058524173028
I69_07_01.png,0.3740458015267176
I72_22_01.png,0.89058524173028
I14_03_01.png,0.9338422391857507
I47_25_04.png,0.8142493638676845
I22_16_02.png,0.8575063613231553
I36_07_03.png,0.2620865139949109
I63_25_05.png,0.6590330788804072
I64_11_03.png,0.4758269720101782
I19_13_03.png,0.2875318066157761
I80_12_01.png,0.9592875318066157
I35_25_03.png,0.916030534351145
I20_18_02.png,0.89058524173028
I69_20_05.png,0.6030534351145039
I76_17_02.png,0.8727735368956743
I32_13_05.png,0.2544529262086514
I01_08_02.png,0.7048346055979644
I34_11_01.png,0.78117048346056
I43_15_02.png,0.5089058524173028
I09_21_03.png,0.5267175572519084
I65_17_05.png,0.39949109414758266
I51_17_01.png,0.9236641221374047
I35_25_02.png,0.8575063613231553
I52_22_01.png,0.8218829516539442
I44_04_01.png,0.9083969465648857
I22_09_01.png,0.9491094147582699
I14_01_01.png,0.9236641221374047
I25_18_05.png,0.6946564885496184
I47_21_04.png,0.49109414758269726
I63_14_02.png,0.7201017811704835
I45_08_05.png,0.07633587786259544
I44_03_01.png,0.8829516539440203
I20_04_03.png,0.06615776081424937
I16_03_02.png,0.6284987277353691
I55_18_03.png,0.8982188295165395
I48_11_01.png,0.7048346055979644
I05_18_03.png,0.8575063613231553
I65_12_04.png,0.3816793893129771
I65_04_02.png,0.5597964376590332
I22_21_03.png,0.6615776081424937
I10_18_03.png,0.9491094147582699
I65_05_04.png,0.24681933842239187
I80_19_03.png,0.6437659033078881
I75_01_01.png,0.8575063613231553
I31_15_01.png,0.78117048346056
I58_17_04.png,0.6361323155216285
I06_25_01.png,0.5089058524173028
I79_10_03.png,0.7709923664122139
I47_18_04.png,0.89058524173028
I58_03_01.png,0.9083969465648857
I41_20_03.png,0.6946564885496184
I26_15_01.png,0.7302798982188295
I06_13_05.png,0.2875318066157761
I18_21_05.png,0.16030534351145037
I76_20_04.png,0.7633587786259542
I38_10_04.png,0.1959287531806616
I25_01_01.png,0.8727735368956743
I41_11_01.png,0.83206106870229
I65_05_05.png,0.18575063613231554
I61_06_02.png,0.806615776081425
I61_07_04.png,0.4580152671755725
I30_13_02.png,0.5012722646310434
I62_15_01.png,0.5852417302798982
I45_14_03.png,0.450381679389313
I49_24_02.png,0.6361323155216285
I06_04_04.png,0.3231552162849873
I11_18_03.png,0.9363867684478372
I26_01_01.png,0.9516539440203564
I71_03_01.png,0.8829516539440203
I74_08_01.png,0.916030534351145
I42_17_04.png,0.6768447837150128
I01_01_01.png,0.9083969465648857
I71_05_03.png,0.22137404580152675
I65_13_01.png,0.5928753180661578
I48_20_01.png,0.8473282442748092
I29_07_04.png,0.3638676844783716
I76_11_01.png,0.78117048346056
I04_08_01.png,0.9414758269720103
I36_23_03.png,0.4656488549618321
I38_22_01.png,0.7633587786259542
I23_04_02.png,0.3893129770992366
I32_20_04.png,0.3384223918575064
